record_no,datetime,radon_bq_m3
1,2024-05-17 00:47:00,11
2,2024-05-17 02:47:00,5
3,2024-05-17 03:47:00,19
4,2024-05-17 04:47:00,7
5,2024-05-17 05:47:00,11
6,2024-05-17 06:47:00,9
7,2024-05-17 07:47:00,11
8,2024-05-17 08:47:00,7
9,2024-05-17 09:47:00,7
10,2024-05-17 10:47:00,5
11,2024-05-17 11:47:00,11
12,2024-05-17 12:47:00,7
13,2024-05-17 13:47:00,11
14,2024-05-17 14:47:00,5
15,2024-05-17 15:47:00,11
16,2024-05-17 16:47:00,7
17,2024-05-17 17:47:00,11
18,2024-05-17 18:47:00,5
19,2024-05-17 19:47:00,25
20,2024-05-17 20:47:00,2
21,2024-05-17 21:47:00,5
22,2024-05-17 22:47:00,11
23,2024-05-17 23:47:00,21
24,2024-05-18 00:47:00,14
25,2024-05-18 01:47:00,21
26,2024-05-18 02:47:00,16
27,2024-05-18 03:47:00,11
28,2024-05-18 04:47:00,19
29,2024-05-18 05:47:00,9
30,2024-05-18 06:47:00,11
31,2024-05-18 07:47:00,14
32,2024-05-18 08:47:00,14
33,2024-05-18 09:47:00,16
34,2024-05-18 10:47:00,28
35,2024-05-18 11:47:00,23
36,2024-05-18 12:47:00,9
37,2024-05-18 13:47:00,11
38,2024-05-18 14:47:00,18
39,2024-05-18 15:47:00,14
40,2024-05-18 16:47:00,18
41,2024-05-18 17:47:00,19
42,2024-05-18 18:47:00,7
43,2024-05-18 19:47:00,14
44,2024-05-18 20:47:00,23
45,2024-05-18 21:47:00,16
46,2024-05-18 22:47:00,2
47,2024-05-18 23:47:00,2
48,2024-05-19 00:47:00,16
49,2024-05-19 01:47:00,18
50,2024-05-19 02:47:00,11
51,2024-05-19 03:47:00,14
52,2024-05-19 04:47:00,19
53,2024-05-19 05:47:00,23
54,2024-05-19 06:47:00,26
55,2024-05-19 07:47:00,28
56,2024-05-19 08:47:00,25
57,2024-05-19 09:47:00,18
58,2024-05-19 10:47:00,28
59,2024-05-19 11:47:00,30
60,2024-05-19 12:47:00,21
61,2024-05-19 13:47:00,19
62,2024-05-19 14:47:00,11
63,2024-05-19 16:47:00,11
64,2024-05-19 17:47:00,5
65,2024-05-19 19:47:00,14
66,2024-05-19 20:47:00,9
67,2024-05-19 21:47:00,18
68,2024-05-19 22:47:00,11
69,2024-05-19 23:47:00,9
70,2024-05-20 00:47:00,5
71,2024-05-20 01:47:00,11
72,2024-05-20 02:47:00,21
73,2024-05-20 03:47:00,11
74,2024-05-20 04:47:00,16
75,2024-05-20 05:47:00,14
76,2024-05-20 06:47:00,30
77,2024-05-20 07:47:00,21
78,2024-05-20 08:47:00,18
79,2024-05-20 09:47:00,30
80,2024-05-20 10:47:00,30
81,2024-05-20 11:47:00,23
82,2024-05-20 12:47:00,23
83,2024-05-20 13:47:00,23
84,2024-05-20 14:47:00,25
85,2024-05-20 15:47:00,23
86,2024-05-20 16:47:00,28
87,2024-05-20 17:47:00,21
88,2024-05-20 18:47:00,7
89,2024-05-20 19:47:00,11
90,2024-05-20 20:47:00,19
91,2024-05-20 21:47:00,21
92,2024-05-20 22:47:00,37
93,2024-05-20 23:47:00,30
94,2024-05-21 00:47:00,23
95,2024-05-21 01:47:00,37
96,2024-05-21 02:47:00,25
97,2024-05-21 03:47:00,35
98,2024-05-21 04:47:00,28
99,2024-05-21 05:47:00,30
100,2024-05-21 06:47:00,14
101,2024-05-21 07:47:00,16
102,2024-05-21 08:47:00,14
103,2024-05-21 10:47:00,7
104,2024-05-21 11:47:00,7
105,2024-05-21 12:47:00,2
106,2024-05-21 13:47:00,23
107,2024-05-21 14:47:00,2
108,2024-05-21 15:47:00,11
109,2024-05-21 16:47:00,2
110,2024-05-21 17:47:00,11
111,2024-05-21 18:47:00,7
112,2024-05-21 19:47:00,9
113,2024-05-21 20:47:00,5
114,2024-05-21 21:47:00,7
115,2024-05-21 22:47:00,14
116,2024-05-21 23:47:00,2
117,2024-05-22 00:47:00,2
118,2024-05-22 01:47:00,2
119,2024-05-22 02:47:00,14
120,2024-05-22 03:47:00,9
121,2024-05-22 04:47:00,11
122,2024-05-22 05:47:00,7
123,2024-05-22 06:47:00,2
124,2024-05-22 07:47:00,5
125,2024-05-22 08:47:00,14
126,2024-05-22 09:47:00,11
127,2024-05-22 10:47:00,16
128,2024-05-22 11:47:00,9
129,2024-05-22 12:47:00,14
130,2024-05-22 13:47:00,5
131,2024-05-22 14:47:00,5
132,2024-05-22 15:47:00,11
133,2024-05-22 16:47:00,5
134,2024-05-22 17:47:00,2
135,2024-05-22 18:47:00,2
136,2024-05-22 19:47:00,9
137,2024-05-22 20:47:00,11
138,2024-05-22 21:47:00,26
139,2024-05-22 22:47:00,5
140,2024-05-22 23:47:00,5
141,2024-05-23 00:47:00,9
142,2024-05-23 01:47:00,7
143,2024-05-23 02:47:00,7
144,2024-05-23 03:47:00,16
145,2024-05-23 04:47:00,21
146,2024-05-23 05:47:00,19
147,2024-05-23 06:47:00,19
148,2024-05-23 07:47:00,14
149,2024-05-23 08:47:00,18
150,2024-05-23 09:47:00,11
151,2024-05-23 10:47:00,23
152,2024-05-23 11:47:00,14
153,2024-05-23 12:47:00,21
154,2024-05-23 13:47:00,11
155,2024-05-23 14:47:00,5
156,2024-05-23 15:47:00,11
157,2024-05-23 16:47:00,7
158,2024-05-23 17:47:00,9
159,2024-05-23 18:47:00,7
160,2024-05-23 19:47:00,11
161,2024-05-23 20:47:00,9
162,2024-05-23 21:47:00,9
163,2024-05-23 22:47:00,11
164,2024-05-23 23:47:00,5
165,2024-05-24 00:47:00,11
166,2024-05-24 01:47:00,11
167,2024-05-24 02:47:00,19
168,2024-05-24 03:47:00,11
169,2024-05-24 04:47:00,9
170,2024-05-24 05:47:00,7
171,2024-05-24 06:47:00,14
172,2024-05-24 07:47:00,9
173,2024-05-24 08:47:00,21
174,2024-05-24 09:47:00,18
175,2024-05-24 10:47:00,16
176,2024-05-24 11:47:00,18
177,2024-05-24 12:47:00,28
178,2024-05-24 13:47:00,14
179,2024-05-24 14:47:00,11
180,2024-05-24 15:47:00,11
181,2024-05-24 16:47:00,7
182,2024-05-24 17:47:00,2
183,2024-05-24 18:47:00,9
184,2024-05-24 19:47:00,25
185,2024-05-24 20:47:00,9
186,2024-05-24 21:47:00,0
187,2024-05-24 22:47:00,11
188,2024-05-24 23:47:00,5
189,2024-05-25 00:47:00,7
190,2024-05-25 01:47:00,14
191,2024-05-25 02:47:00,14
192,2024-05-25 03:47:00,11
193,2024-05-25 04:47:00,18
194,2024-05-25 05:47:00,16
195,2024-05-25 06:47:00,14
196,2024-05-25 07:47:00,11
197,2024-05-25 08:47:00,14
198,2024-05-25 09:47:00,47
199,2024-05-25 10:47:00,74
200,2024-05-25 11:47:00,64
201,2024-05-25 12:47:00,90
202,2024-05-25 13:47:00,76
203,2024-05-25 14:47:00,105
204,2024-05-25 15:47:00,74
205,2024-05-25 16:47:00,87
206,2024-05-25 17:47:00,89
207,2024-05-25 18:47:00,110
208,2024-05-25 19:47:00,99
209,2024-05-25 20:47:00,119
210,2024-05-25 21:47:00,128
211,2024-05-25 22:47:00,137
212,2024-05-25 23:47:00,114
213,2024-05-26 00:47:00,108
214,2024-05-26 01:47:00,144
215,2024-05-26 02:47:00,177
216,2024-05-26 03:47:00,146
217,2024-05-26 04:47:00,159
218,2024-05-26 05:47:00,191
219,2024-05-26 06:47:00,183
220,2024-05-26 07:47:00,166
221,2024-05-26 08:47:00,179
222,2024-05-26 09:47:00,185
223,2024-05-26 10:47:00,190
224,2024-05-26 11:47:00,170
225,2024-05-26 12:47:00,161
226,2024-05-26 13:47:00,154
227,2024-05-26 14:47:00,188
228,2024-05-26 15:47:00,164
229,2024-05-26 16:47:00,205
230,2024-05-26 17:47:00,183
231,2024-05-26 18:47:00,161
232,2024-05-26 19:47:00,170
233,2024-05-26 20:47:00,203
234,2024-05-26 21:47:00,139
235,2024-05-26 22:47:00,159
236,2024-05-26 23:47:00,174
237,2024-05-27 00:47:00,163
238,2024-05-27 01:47:00,196
239,2024-05-27 02:47:00,177
240,2024-05-27 03:47:00,236
241,2024-05-27 04:47:00,185
242,2024-05-27 05:47:00,201
243,2024-05-27 06:47:00,223
244,2024-05-27 07:47:00,218
245,2024-05-27 08:47:00,223
246,2024-05-27 09:47:00,223
247,2024-05-27 10:47:00,199
248,2024-05-27 11:47:00,210
249,2024-05-27 12:47:00,207
250,2024-05-27 13:47:00,214
251,2024-05-27 14:47:00,225
252,2024-05-27 15:47:00,207
253,2024-05-27 16:47:00,203
254,2024-05-27 17:47:00,190
255,2024-05-27 18:47:00,207
256,2024-05-27 19:47:00,225
257,2024-05-27 20:47:00,196
258,2024-05-27 21:47:00,205
259,2024-05-27 22:47:00,221
260,2024-05-27 23:47:00,227
261,2024-05-28 00:47:00,245
262,2024-05-28 01:47:00,245
263,2024-05-28 02:47:00,269
264,2024-05-28 03:47:00,284
265,2024-05-28 04:47:00,238
266,2024-05-28 05:47:00,232
267,2024-05-28 06:47:00,251
268,2024-05-28 07:47:00,268
269,2024-05-28 08:47:00,260
270,2024-05-28 09:47:00,238
271,2024-05-28 10:47:00,271
272,2024-05-28 11:47:00,216
273,2024-05-28 12:47:00,230
274,2024-05-28 13:47:00,247
275,2024-05-28 14:47:00,232
276,2024-05-28 15:47:00,273
277,2024-05-28 16:47:00,225
278,2024-05-28 17:47:00,205
279,2024-05-28 18:47:00,227
280,2024-05-28 19:47:00,255
281,2024-05-28 20:47:00,221
282,2024-05-28 21:47:00,221
283,2024-05-28 22:47:00,225
284,2024-05-28 23:47:00,228
285,2024-05-29 00:47:00,216
286,2024-05-29 01:47:00,218
287,2024-05-29 02:47:00,218
288,2024-05-29 03:47:00,238
289,2024-05-29 04:47:00,225
290,2024-05-29 05:47:00,210
291,2024-05-29 06:47:00,251
292,2024-05-29 07:47:00,212
293,2024-05-29 08:47:00,245
294,2024-05-29 09:47:00,260
295,2024-05-29 10:47:00,210
296,2024-05-29 11:47:00,227
297,2024-05-29 12:47:00,253
298,2024-05-29 13:47:00,258
299,2024-05-29 14:47:00,251
300,2024-05-29 15:47:00,207
301,2024-05-29 16:47:00,183
302,2024-05-29 17:47:00,168
303,2024-05-29 18:47:00,197
304,2024-05-29 19:47:00,183
305,2024-05-29 20:47:00,212
306,2024-05-29 21:47:00,238
307,2024-05-29 22:47:00,228
308,2024-05-29 23:47:00,46
309,2024-05-30 00:47:00,21
310,2024-05-30 01:47:00,33
311,2024-05-30 02:47:00,21
312,2024-05-30 03:47:00,18
313,2024-05-30 04:47:00,25
314,2024-05-30 05:47:00,14
315,2024-05-30 06:47:00,14
316,2024-05-30 07:47:00,16
317,2024-05-30 08:47:00,19
318,2024-05-30 09:47:00,14
319,2024-05-30 10:47:00,28
320,2024-05-30 11:47:00,28
321,2024-05-30 12:47:00,30
322,2024-05-30 13:47:00,16
323,2024-05-30 14:47:00,19
324,2024-05-30 15:47:00,19
325,2024-05-30 16:47:00,18
326,2024-05-30 17:47:00,19
327,2024-05-30 18:47:00,11
328,2024-05-30 19:47:00,21
329,2024-05-30 20:47:00,9
330,2024-05-30 21:47:00,7
331,2024-05-30 22:47:00,11
332,2024-05-30 23:47:00,14
333,2024-05-31 00:47:00,5
334,2024-05-31 01:47:00,9
335,2024-05-31 02:47:00,9
336,2024-05-31 03:47:00,11
337,2024-05-31 04:47:00,2
338,2024-05-31 05:47:00,2
339,2024-05-31 06:47:00,2
340,2024-05-31 07:47:00,11
341,2024-05-31 08:47:00,7
342,2024-05-31 09:47:00,11
343,2024-05-31 10:47:00,11
344,2024-05-31 11:47:00,16
345,2024-05-31 12:47:00,19
346,2024-05-31 13:47:00,9
347,2024-05-31 14:47:00,11
348,2024-05-31 15:47:00,19
349,2024-05-31 16:47:00,9
350,2024-05-31 17:47:00,16
351,2024-05-31 18:47:00,9
352,2024-05-31 19:47:00,5
353,2024-05-31 20:47:00,9
354,2024-05-31 21:47:00,11
355,2024-05-31 22:47:00,11
356,2024-05-31 23:47:00,9
357,2024-06-01 00:47:00,11
358,2024-06-01 01:47:00,9
359,2024-06-01 02:47:00,11
360,2024-06-01 03:47:00,5
361,2024-06-01 04:47:00,16
362,2024-06-01 05:47:00,11
363,2024-06-01 06:47:00,11
364,2024-06-01 07:47:00,5
365,2024-06-01 08:47:00,7
366,2024-06-01 09:47:00,11
367,2024-06-01 10:47:00,2
368,2024-06-01 11:47:00,11
369,2024-06-01 12:45:00,16
370,2024-06-01 12:47:00,11
371,2024-06-01 13:45:00,18
372,2024-06-01 14:45:00,14
373,2024-06-01 15:45:00,18
374,2024-06-01 16:45:00,11
375,2024-06-01 17:45:00,9
376,2024-06-01 18:45:00,7
377,2024-06-01 19:45:00,9
378,2024-06-01 20:45:00,2
379,2024-06-01 21:45:00,9
380,2024-06-01 22:45:00,11
381,2024-06-01 23:45:00,9
382,2024-06-02 00:45:00,26
383,2024-06-02 01:45:00,18
384,2024-06-02 02:45:00,7
385,2024-06-02 03:45:00,16
386,2024-06-02 04:45:00,19
387,2024-06-02 05:45:00,18
388,2024-06-02 06:45:00,11
389,2024-06-02 07:45:00,18
390,2024-06-02 08:45:00,11
391,2024-06-02 09:45:00,16
392,2024-06-02 10:45:00,25
393,2024-06-02 11:45:00,25
394,2024-06-02 12:45:00,30
395,2024-06-02 13:45:00,19
396,2024-06-02 14:45:00,18
397,2024-06-02 15:45:00,11
398,2024-06-02 16:45:00,14
399,2024-06-02 17:45:00,14
400,2024-06-02 18:45:00,11
401,2024-06-02 19:45:00,26
402,2024-06-02 20:45:00,25
403,2024-06-02 21:45:00,11
404,2024-06-02 22:45:00,14
405,2024-06-02 23:45:00,16
406,2024-06-03 00:45:00,2
407,2024-06-03 01:45:00,5
408,2024-06-03 02:45:00,14
409,2024-06-03 03:45:00,16
410,2024-06-03 04:45:00,19
411,2024-06-03 05:45:00,9
412,2024-06-03 06:45:00,30
413,2024-06-03 07:45:00,33
414,2024-06-03 08:45:00,19
415,2024-06-03 09:45:00,26
416,2024-06-03 10:45:00,32
417,2024-06-03 11:45:00,18
418,2024-06-03 12:45:00,16
419,2024-06-03 13:45:00,9
420,2024-06-03 14:45:00,18
421,2024-06-03 15:45:00,19
422,2024-06-03 16:45:00,28
423,2024-06-03 17:45:00,32
424,2024-06-03 18:45:00,32
425,2024-06-03 19:45:00,44
426,2024-06-03 20:45:00,14
427,2024-06-03 21:45:00,7
428,2024-06-03 22:45:00,11
429,2024-06-03 23:45:00,0
430,2024-06-04 00:45:00,5
431,2024-06-04 01:45:00,14
432,2024-06-04 02:45:00,21
433,2024-06-04 03:45:00,21
434,2024-06-04 04:45:00,9
435,2024-06-04 05:45:00,11
436,2024-06-04 06:45:00,11
437,2024-06-04 07:45:00,19
438,2024-06-04 08:45:00,14
439,2024-06-04 09:45:00,23
440,2024-06-04 10:45:00,23
441,2024-06-04 11:45:00,21
442,2024-06-04 12:45:00,26
443,2024-06-04 13:45:00,26
444,2024-06-04 14:45:00,25
445,2024-06-04 15:45:00,19
446,2024-06-04 16:45:00,30
447,2024-06-04 17:45:00,14
448,2024-06-04 18:45:00,42
449,2024-06-04 19:45:00,23
450,2024-06-04 20:45:00,11
451,2024-06-04 21:45:00,7
452,2024-06-04 22:45:00,16
453,2024-06-04 23:45:00,14
454,2024-06-05 00:45:00,19
455,2024-06-05 01:45:00,11
456,2024-06-05 02:45:00,2
457,2024-06-05 03:45:00,11
458,2024-06-05 04:45:00,11
459,2024-06-05 05:45:00,19
460,2024-06-05 06:45:00,11
461,2024-06-05 07:45:00,14
462,2024-06-05 08:45:00,32
463,2024-06-05 09:45:00,16
464,2024-06-05 10:45:00,14
465,2024-06-05 11:45:00,14
466,2024-06-05 13:44:00,5
467,2024-06-05 14:44:00,7
468,2024-06-05 15:44:00,14
469,2024-06-05 16:44:00,11
470,2024-06-05 17:44:00,16
471,2024-06-05 18:44:00,11
472,2024-06-05 19:44:00,18
473,2024-06-05 20:44:00,11
474,2024-06-05 21:44:00,11
475,2024-06-05 22:44:00,7
476,2024-06-05 23:44:00,19
477,2024-06-06 00:44:00,5
478,2024-06-06 01:44:00,14
479,2024-06-06 02:44:00,16
480,2024-06-06 03:44:00,33
481,2024-06-06 04:44:00,37
482,2024-06-06 05:44:00,23
483,2024-06-06 06:44:00,18
484,2024-06-06 07:44:00,18
485,2024-06-06 08:44:00,21
486,2024-06-06 09:44:00,35
487,2024-06-06 10:44:00,35
488,2024-06-06 11:44:00,25
489,2024-06-06 12:44:00,9
490,2024-06-06 13:44:00,16
491,2024-06-06 14:44:00,9
492,2024-06-06 15:44:00,19
493,2024-06-06 16:44:00,19
494,2024-06-06 17:44:00,25
495,2024-06-06 18:44:00,35
496,2024-06-06 19:44:00,41
497,2024-06-06 20:44:00,25
498,2024-06-06 21:44:00,23
499,2024-06-06 22:44:00,19
500,2024-06-06 23:44:00,18
501,2024-06-07 00:44:00,21
502,2024-06-07 01:44:00,19
503,2024-06-07 02:44:00,18
504,2024-06-07 03:44:00,30
505,2024-06-07 04:44:00,28
506,2024-06-07 05:44:00,21
507,2024-06-07 06:44:00,18
508,2024-06-07 07:44:00,23
509,2024-06-07 08:44:00,14
510,2024-06-07 09:44:00,23
511,2024-06-07 10:44:00,33
512,2024-06-07 11:44:00,23
513,2024-06-07 12:44:00,25
514,2024-06-07 13:44:00,25
515,2024-06-07 14:44:00,25
516,2024-06-07 15:44:00,42
517,2024-06-07 16:44:00,57
518,2024-06-07 17:44:00,42
519,2024-06-07 18:44:00,37
520,2024-06-07 19:44:00,35
521,2024-06-07 20:44:00,21
522,2024-06-07 21:44:00,19
523,2024-06-07 22:44:00,23
524,2024-06-07 23:44:00,30
525,2024-06-08 00:44:00,11
526,2024-06-08 01:44:00,9
527,2024-06-08 02:44:00,28
528,2024-06-08 03:44:00,21
529,2024-06-08 04:44:00,11
530,2024-06-08 05:44:00,21
531,2024-06-08 06:44:00,23
532,2024-06-08 07:44:00,18
533,2024-06-08 08:44:00,19
534,2024-06-08 09:44:00,18
535,2024-06-08 10:44:00,44
536,2024-06-08 11:44:00,26
537,2024-06-08 12:44:00,21
538,2024-06-08 13:44:00,28
539,2024-06-08 14:44:00,19
540,2024-06-08 15:44:00,42
541,2024-06-08 16:44:00,37
542,2024-06-08 17:44:00,37
543,2024-06-08 18:44:00,19
544,2024-06-08 19:44:00,39
545,2024-06-08 20:44:00,28
546,2024-06-08 21:44:00,21
547,2024-06-08 22:44:00,18
548,2024-06-08 23:44:00,30
549,2024-06-09 00:44:00,16
550,2024-06-09 01:44:00,19
551,2024-06-09 02:44:00,21
552,2024-06-09 03:44:00,26
553,2024-06-09 04:44:00,21
554,2024-06-09 05:44:00,25
555,2024-06-09 06:44:00,26
556,2024-06-09 07:44:00,21
557,2024-06-09 08:44:00,21
558,2024-06-09 09:44:00,23
559,2024-06-09 10:44:00,44
560,2024-06-09 11:44:00,37
561,2024-06-09 12:44:00,41
562,2024-06-09 13:44:00,28
563,2024-06-09 14:44:00,23
564,2024-06-09 15:44:00,39
565,2024-06-09 16:44:00,19
566,2024-06-09 17:44:00,30
567,2024-06-09 18:44:00,26
568,2024-06-09 19:44:00,25
569,2024-06-09 20:44:00,32
570,2024-06-09 21:44:00,18
571,2024-06-09 22:44:00,11
572,2024-06-09 23:44:00,18
573,2024-06-10 00:44:00,18
574,2024-06-10 01:44:00,7
575,2024-06-10 02:44:00,18
576,2024-06-10 03:44:00,16
577,2024-06-10 04:44:00,18
578,2024-06-10 05:44:00,19
579,2024-06-10 06:44:00,16
580,2024-06-10 07:44:00,30
581,2024-06-10 08:44:00,37
582,2024-06-10 09:44:00,41
583,2024-06-10 10:44:00,73
584,2024-06-10 11:44:00,49
585,2024-06-10 12:44:00,69
586,2024-06-10 13:44:00,49
587,2024-06-10 14:44:00,51
588,2024-06-10 15:44:00,76
589,2024-06-10 16:44:00,76
590,2024-06-10 17:44:00,85
591,2024-06-10 18:44:00,81
592,2024-06-10 19:44:00,74
593,2024-06-10 20:44:00,78
594,2024-06-10 21:44:00,76
595,2024-06-10 22:44:00,87
596,2024-06-10 23:44:00,101
597,2024-06-11 00:44:00,87
598,2024-06-11 01:44:00,98
599,2024-06-11 02:44:00,85
600,2024-06-11 03:44:00,112
601,2024-06-11 04:44:00,137
602,2024-06-11 05:44:00,108
603,2024-06-11 06:44:00,110
604,2024-06-11 07:44:00,126
605,2024-06-11 08:44:00,114
606,2024-06-11 09:44:00,143
607,2024-06-11 10:44:00,125
608,2024-06-11 11:44:00,139
609,2024-06-11 12:44:00,143
610,2024-06-11 13:44:00,114
611,2024-06-11 14:44:00,132
612,2024-06-11 15:44:00,152
613,2024-06-11 16:44:00,137
614,2024-06-11 17:44:00,150
615,2024-06-11 18:44:00,159
616,2024-06-11 19:44:00,143
617,2024-06-11 20:44:00,181
618,2024-06-11 21:44:00,154
619,2024-06-11 22:44:00,203
620,2024-06-11 23:44:00,221
621,2024-06-12 00:44:00,201
622,2024-06-12 01:44:00,208
623,2024-06-12 02:44:00,223
624,2024-06-12 03:44:00,214
625,2024-06-12 04:44:00,212
626,2024-06-12 05:44:00,199
627,2024-06-12 06:44:00,210
628,2024-06-12 07:44:00,164
629,2024-06-12 08:44:00,181
630,2024-06-12 09:44:00,255
631,2024-06-12 10:44:00,219
632,2024-06-12 11:44:00,196
633,2024-06-12 12:44:00,234
634,2024-06-12 13:44:00,190
635,2024-06-12 14:44:00,199
636,2024-06-12 15:44:00,137
637,2024-06-12 16:44:00,205
638,2024-06-12 17:44:00,168
639,2024-06-12 18:44:00,183
640,2024-06-12 19:44:00,185
641,2024-06-12 20:44:00,227
642,2024-06-12 21:44:00,221
643,2024-06-12 22:44:00,236
644,2024-06-12 23:44:00,242
645,2024-06-13 00:44:00,219
646,2024-06-13 01:44:00,251
647,2024-06-13 02:44:00,277
648,2024-06-13 03:44:00,214
649,2024-06-13 04:44:00,208
650,2024-06-13 05:44:00,240
651,2024-06-13 06:44:00,234
652,2024-06-13 07:44:00,240
653,2024-06-13 08:44:00,221
654,2024-06-13 09:44:00,258
655,2024-06-13 10:44:00,225
656,2024-06-13 11:44:00,221
657,2024-06-13 12:44:00,190
658,2024-06-13 13:44:00,225
659,2024-06-13 14:44:00,185
660,2024-06-13 15:44:00,212
661,2024-06-13 16:44:00,203
662,2024-06-13 17:44:00,194
663,2024-06-13 18:44:00,197
664,2024-06-13 19:44:00,228
665,2024-06-13 20:44:00,190
666,2024-06-13 21:44:00,223
667,2024-06-13 22:44:00,143
668,2024-06-13 23:44:00,35
669,2024-06-14 00:44:00,30
670,2024-06-14 01:44:00,11
671,2024-06-14 02:44:00,7
672,2024-06-14 03:44:00,2
673,2024-06-14 04:44:00,19
674,2024-06-14 05:44:00,11
675,2024-06-14 06:44:00,19
676,2024-06-14 07:44:00,18
677,2024-06-14 08:44:00,11
678,2024-06-14 09:44:00,14
679,2024-06-14 10:44:00,18
680,2024-06-14 11:44:00,25
681,2024-06-14 12:44:00,11
682,2024-06-14 13:44:00,9
683,2024-06-14 14:44:00,30
684,2024-06-14 15:44:00,28
685,2024-06-14 16:44:00,26
686,2024-06-14 17:44:00,18
687,2024-06-14 18:44:00,16
688,2024-06-14 19:44:00,5
689,2024-06-14 20:44:00,5
690,2024-06-14 21:44:00,7
691,2024-06-14 22:44:00,7
692,2024-06-14 23:44:00,11
693,2024-06-15 00:44:00,7
694,2024-06-15 01:44:00,14
695,2024-06-15 02:44:00,11
696,2024-06-15 03:44:00,14
697,2024-06-15 04:44:00,9
698,2024-06-15 05:44:00,2
699,2024-06-15 06:44:00,11
700,2024-06-15 07:44:00,14
701,2024-06-15 08:44:00,16
702,2024-06-15 09:44:00,18
703,2024-06-15 10:44:00,25
704,2024-06-15 11:44:00,11
705,2024-06-15 12:44:00,14
706,2024-06-15 13:44:00,11
707,2024-06-15 14:44:00,11
708,2024-06-15 15:44:00,11
709,2024-06-15 16:44:00,9
710,2024-06-15 17:44:00,19
711,2024-06-15 18:44:00,11
712,2024-06-15 19:44:00,11
713,2024-06-15 20:44:00,5
714,2024-06-15 21:44:00,11
715,2024-06-15 22:44:00,14
716,2024-06-15 23:44:00,18
717,2024-06-16 00:44:00,14
718,2024-06-16 01:44:00,14
719,2024-06-16 02:44:00,18
720,2024-06-16 03:44:00,16
721,2024-06-16 04:44:00,33
722,2024-06-16 05:44:00,11
723,2024-06-16 06:44:00,19
724,2024-06-16 07:44:00,11
725,2024-06-16 08:44:00,23
726,2024-06-16 09:44:00,28
727,2024-06-16 10:44:00,25
728,2024-06-16 11:44:00,44
729,2024-06-16 12:44:00,32
730,2024-06-16 13:44:00,11
731,2024-06-16 14:44:00,11
732,2024-06-16 15:44:00,18
733,2024-06-16 16:44:00,19
734,2024-06-16 17:44:00,25
735,2024-06-16 18:44:00,14
736,2024-06-16 19:44:00,11
737,2024-06-16 21:44:00,16
738,2024-06-16 22:44:00,14
739,2024-06-17 09:44:00,23
740,2024-06-17 10:44:00,11
741,2024-06-17 11:44:00,19
742,2024-06-17 12:44:00,11
743,2024-06-17 13:44:00,11
744,2024-06-17 14:44:00,9
745,2024-06-17 15:44:00,14
746,2024-06-17 16:44:00,18
747,2024-06-17 17:44:00,19
748,2024-06-17 18:44:00,16
749,2024-06-17 19:44:00,9
750,2024-06-17 20:44:00,28
751,2024-06-17 21:44:00,16
752,2024-06-17 22:44:00,5
753,2024-06-17 23:44:00,11
754,2024-06-18 00:44:00,18
755,2024-06-18 01:44:00,19
756,2024-06-18 02:44:00,23
757,2024-06-18 03:44:00,28
758,2024-06-18 04:44:00,21
759,2024-06-18 05:44:00,32
760,2024-06-18 06:44:00,28
761,2024-06-18 07:44:00,18
762,2024-06-18 08:44:00,30
763,2024-06-18 09:44:00,23
764,2024-06-18 10:44:00,28
765,2024-06-18 11:44:00,28
766,2024-06-18 12:44:00,33
767,2024-06-18 13:44:00,25
768,2024-06-18 14:44:00,14
769,2024-06-18 15:44:00,26
770,2024-06-18 16:44:00,25
771,2024-06-18 17:44:00,35
772,2024-06-18 18:44:00,33
773,2024-06-18 19:44:00,23
774,2024-06-18 20:44:00,14
775,2024-06-18 21:44:00,11
776,2024-06-18 22:44:00,11
777,2024-06-18 23:44:00,30
778,2024-06-19 00:44:00,32
779,2024-06-19 01:44:00,25
780,2024-06-19 02:44:00,30
781,2024-06-19 03:44:00,25
782,2024-06-19 04:44:00,32
783,2024-06-19 05:44:00,23
784,2024-06-19 06:44:00,32
785,2024-06-19 07:44:00,21
786,2024-06-19 08:44:00,39
787,2024-06-19 09:44:00,44
788,2024-06-19 10:44:00,32
789,2024-06-19 11:44:00,41
790,2024-06-19 12:44:00,47
791,2024-06-19 13:44:00,39
792,2024-06-19 14:44:00,32
793,2024-06-19 15:44:00,32
794,2024-06-19 16:44:00,32
795,2024-06-19 17:44:00,39
796,2024-06-19 18:44:00,26
797,2024-06-19 19:44:00,25
798,2024-06-19 20:44:00,11
799,2024-06-19 21:44:00,26
800,2024-06-19 22:44:00,16
801,2024-06-19 23:44:00,30
802,2024-06-20 00:44:00,26
803,2024-06-20 01:44:00,14
804,2024-06-20 02:44:00,35
805,2024-06-20 03:44:00,26
806,2024-06-20 04:44:00,39
807,2024-06-20 05:44:00,35
808,2024-06-20 06:44:00,19
809,2024-06-20 07:44:00,42
810,2024-06-20 08:44:00,67
811,2024-06-20 09:44:00,49
812,2024-06-20 10:44:00,39
813,2024-06-20 11:44:00,47
814,2024-06-20 12:44:00,37
815,2024-06-20 13:44:00,41
816,2024-06-20 14:44:00,19
817,2024-06-20 15:44:00,25
818,2024-06-20 16:44:00,49
819,2024-06-20 17:44:00,28
820,2024-06-20 18:44:00,41
821,2024-06-20 19:44:00,28
822,2024-06-20 20:44:00,30
823,2024-06-20 21:44:00,35
824,2024-06-20 22:44:00,30
825,2024-06-20 23:44:00,37
826,2024-06-21 00:44:00,30
827,2024-06-21 01:44:00,33
828,2024-06-21 02:44:00,35
829,2024-06-21 03:44:00,23
830,2024-06-21 04:44:00,39
831,2024-06-21 05:44:00,35
832,2024-06-21 06:44:00,26
833,2024-06-21 07:44:00,30
834,2024-06-21 08:44:00,35
835,2024-06-21 09:44:00,30
836,2024-06-21 10:44:00,19
837,2024-06-21 11:44:00,33
838,2024-06-21 12:44:00,33
839,2024-06-21 13:44:00,23
840,2024-06-21 14:44:00,37
841,2024-06-21 15:44:00,37
842,2024-06-21 16:44:00,33
843,2024-06-21 17:44:00,46
844,2024-06-21 18:44:00,41
845,2024-06-21 19:44:00,32
846,2024-06-21 20:44:00,30
847,2024-06-21 21:44:00,26
848,2024-06-21 22:44:00,21
849,2024-06-21 23:44:00,19
850,2024-06-22 00:44:00,30
851,2024-06-22 01:44:00,37
852,2024-06-22 02:44:00,25
853,2024-06-22 03:44:00,21
854,2024-06-22 04:44:00,11
855,2024-06-22 05:44:00,19
856,2024-06-22 06:44:00,11
857,2024-06-22 07:44:00,9
858,2024-06-22 08:44:00,14
859,2024-06-22 09:44:00,26
860,2024-06-22 10:44:00,11
861,2024-06-22 11:44:00,16
862,2024-06-22 12:44:00,11
863,2024-06-22 13:44:00,18
864,2024-06-22 14:44:00,16
865,2024-06-22 15:44:00,26
866,2024-06-22 16:44:00,28
867,2024-06-22 17:44:00,28
868,2024-06-22 18:44:00,14
869,2024-06-22 19:44:00,7
870,2024-06-22 20:44:00,5
871,2024-06-22 21:44:00,5
872,2024-06-22 22:44:00,5
873,2024-06-22 23:44:00,5
874,2024-06-23 00:44:00,9
875,2024-06-23 01:44:00,2
876,2024-06-23 02:44:00,7
877,2024-06-23 03:44:00,9
878,2024-06-23 04:44:00,5
879,2024-06-23 05:44:00,11
880,2024-06-23 06:44:00,11
881,2024-06-23 07:44:00,9
882,2024-06-23 08:44:00,11
883,2024-06-23 09:44:00,9
884,2024-06-23 10:44:00,9
885,2024-06-23 11:44:00,9
886,2024-06-23 12:44:00,2
887,2024-06-23 13:44:00,7
888,2024-06-23 14:44:00,14
889,2024-06-23 15:44:00,14
890,2024-06-23 16:44:00,14
891,2024-06-23 17:44:00,11
892,2024-06-23 18:44:00,11
893,2024-06-23 19:44:00,2
894,2024-06-23 20:44:00,11
895,2024-06-23 21:44:00,7
896,2024-06-23 22:44:00,14
897,2024-06-23 23:44:00,5
898,2024-06-24 00:44:00,2
899,2024-06-24 01:44:00,2
900,2024-06-24 02:44:00,9
901,2024-06-24 03:44:00,9
902,2024-06-24 04:44:00,7
903,2024-06-24 05:44:00,18
904,2024-06-24 06:44:00,9
905,2024-06-24 07:44:00,18
906,2024-06-24 08:44:00,23
907,2024-06-24 09:44:00,5
908,2024-06-24 10:44:00,9
909,2024-06-24 11:44:00,5
910,2024-06-24 12:44:00,7
911,2024-06-24 13:44:00,9
912,2024-06-24 14:44:00,0
913,2024-06-24 15:44:00,2
914,2024-06-24 16:44:00,2
915,2024-06-24 18:44:00,7
916,2024-06-24 19:44:00,2
917,2024-06-24 20:44:00,2
918,2024-06-24 21:44:00,2
919,2024-06-24 22:44:00,7
920,2024-06-24 23:44:00,7
921,2024-06-25 00:44:00,2
922,2024-06-25 01:44:00,2
923,2024-06-25 02:44:00,18
924,2024-06-25 03:44:00,11
925,2024-06-25 04:44:00,5
926,2024-06-25 05:44:00,11
927,2024-06-25 06:44:00,7
928,2024-06-25 07:44:00,7
929,2024-06-25 08:44:00,18
930,2024-06-25 09:44:00,16
931,2024-06-25 10:44:00,9
932,2024-06-25 11:44:00,7
933,2024-06-25 12:44:00,7
934,2024-06-25 13:44:00,5
935,2024-06-25 17:44:00,7
936,2024-06-25 18:44:00,5
937,2024-06-25 20:44:00,5
938,2024-06-25 21:44:00,0
939,2024-06-25 22:44:00,14
940,2024-06-25 23:44:00,5
941,2024-06-26 00:44:00,14
942,2024-06-26 01:44:00,5
943,2024-06-26 02:44:00,7
944,2024-06-26 03:44:00,16
945,2024-06-26 04:44:00,16
946,2024-06-26 05:44:00,18
947,2024-06-26 06:44:00,26
948,2024-06-26 07:44:00,26
949,2024-06-26 08:44:00,28
950,2024-06-26 09:44:00,32
951,2024-06-26 10:44:00,21
952,2024-06-26 11:44:00,16
953,2024-06-26 12:44:00,14
954,2024-06-26 13:44:00,19
955,2024-06-26 14:44:00,11
956,2024-06-26 15:44:00,16
957,2024-06-26 16:44:00,23
958,2024-06-26 20:44:00,5
959,2024-06-26 21:44:00,7
960,2024-06-26 22:44:00,7
961,2024-06-26 23:44:00,2
962,2024-06-27 00:44:00,2
963,2024-06-27 01:44:00,2
964,2024-06-27 02:44:00,0
965,2024-06-27 03:44:00,2
966,2024-06-27 04:44:00,2
967,2024-06-27 05:44:00,2
968,2024-06-27 07:44:00,18
969,2024-06-27 08:44:00,16
970,2024-06-27 09:44:00,21
971,2024-06-27 10:44:00,14
972,2024-06-27 11:44:00,14
973,2024-06-27 12:44:00,5
974,2024-06-27 13:44:00,7
975,2024-06-27 14:44:00,11
976,2024-06-27 20:44:00,7
977,2024-06-27 21:44:00,9
978,2024-06-27 22:44:00,2
979,2024-06-27 23:44:00,7
980,2024-06-28 00:44:00,11
981,2024-06-28 01:44:00,11
982,2024-06-28 02:44:00,2
983,2024-06-28 03:44:00,11
984,2024-06-28 04:44:00,11
985,2024-06-28 05:44:00,16
986,2024-06-28 06:44:00,19
987,2024-06-28 07:44:00,14
988,2024-06-28 08:44:00,21
989,2024-06-28 09:44:00,30
990,2024-06-28 10:44:00,16
991,2024-06-28 11:44:00,39
992,2024-06-28 12:44:00,14
993,2024-06-28 13:44:00,5
994,2024-06-28 15:44:00,7
995,2024-06-28 16:44:00,9
996,2024-06-28 17:44:00,11
997,2024-06-28 18:44:00,14
998,2024-06-28 20:44:00,14
999,2024-06-28 21:44:00,21
1000,2024-06-28 22:44:00,18
1001,2024-06-28 23:44:00,25
1002,2024-06-29 00:44:00,18
1003,2024-06-29 01:44:00,28
1004,2024-06-29 02:44:00,18
1005,2024-06-29 03:44:00,14
1006,2024-06-29 04:44:00,18
1007,2024-06-29 05:44:00,19
1008,2024-06-29 06:44:00,16
1009,2024-06-29 07:44:00,21
1010,2024-06-29 08:44:00,23
1011,2024-06-29 09:44:00,18
1012,2024-06-29 10:44:00,11
1013,2024-06-29 11:44:00,18
1014,2024-06-29 12:44:00,9
1015,2024-06-29 13:44:00,11
1016,2024-06-29 14:44:00,11
1017,2024-06-29 20:44:00,14
1018,2024-06-29 21:44:00,14
1019,2024-06-29 22:44:00,21
1020,2024-06-29 23:44:00,14
1021,2024-06-30 00:44:00,18
1022,2024-06-30 01:44:00,23
1023,2024-06-30 02:44:00,19
1024,2024-06-30 03:44:00,2
1025,2024-06-30 04:44:00,16
1026,2024-06-30 05:44:00,11
1027,2024-06-30 06:44:00,16
1028,2024-06-30 07:44:00,11
1029,2024-06-30 08:44:00,21
1030,2024-06-30 09:44:00,30
1031,2024-06-30 10:44:00,39
1032,2024-06-30 11:44:00,32
1033,2024-06-30 12:44:00,33
1034,2024-06-30 13:44:00,28
1035,2024-06-30 14:44:00,21
1036,2024-06-30 15:44:00,25
1037,2024-06-30 16:44:00,37
1038,2024-06-30 17:44:00,41
1039,2024-06-30 18:44:00,25
1040,2024-06-30 19:44:00,19
1041,2024-06-30 20:44:00,16
1042,2024-06-30 21:44:00,19
1043,2024-06-30 22:44:00,5
1044,2024-06-30 23:44:00,11
1045,2024-07-01 00:44:00,2
1046,2024-07-01 01:44:00,11
1047,2024-07-01 02:44:00,18
1048,2024-07-01 03:44:00,11
1049,2024-07-01 04:44:00,7
1050,2024-07-01 05:44:00,11
1051,2024-07-01 06:44:00,16
1052,2024-07-01 07:44:00,11
1053,2024-07-01 08:44:00,5
1054,2024-07-01 09:44:00,19
1055,2024-07-01 10:44:00,19
1056,2024-07-01 11:44:00,16
1057,2024-07-01 12:40:00,9
1058,2024-07-01 12:44:00,9
1059,2024-07-01 13:40:00,16
1060,2024-07-01 14:40:00,5
1061,2024-07-01 15:40:00,19
1062,2024-07-01 16:40:00,14
1063,2024-07-01 17:40:00,5
1064,2024-07-01 18:40:00,11
1065,2024-07-01 19:40:00,14
1066,2024-07-01 20:40:00,16
1067,2024-07-01 21:40:00,26
1068,2024-07-01 22:40:00,14
1069,2024-07-01 23:40:00,18
1070,2024-07-02 00:40:00,16
1071,2024-07-02 01:40:00,16
1072,2024-07-02 02:40:00,14
1073,2024-07-02 03:40:00,5
1074,2024-07-02 04:40:00,11
1075,2024-07-02 05:40:00,11
1076,2024-07-02 06:40:00,16
1077,2024-07-02 07:40:00,14
1078,2024-07-02 08:40:00,7
1079,2024-07-02 09:40:00,11
1080,2024-07-02 10:40:00,11
1081,2024-07-02 11:40:00,26
1082,2024-07-02 12:40:00,14
1083,2024-07-02 13:40:00,11
1084,2024-07-02 14:40:00,9
1085,2024-07-02 15:40:00,19
1086,2024-07-02 16:40:00,7
1087,2024-07-02 17:40:00,11
1088,2024-07-02 18:40:00,7
1089,2024-07-02 19:40:00,9
1090,2024-07-02 20:40:00,2
1091,2024-07-02 21:40:00,16
1092,2024-07-02 22:40:00,11
1093,2024-07-02 23:40:00,11
1094,2024-07-03 00:40:00,9
1095,2024-07-03 01:40:00,11
1096,2024-07-03 02:40:00,2
1097,2024-07-03 03:40:00,7
1098,2024-07-03 04:40:00,9
1099,2024-07-03 05:40:00,5
1100,2024-07-03 06:40:00,2
1101,2024-07-03 07:40:00,2
1102,2024-07-03 08:40:00,5
1103,2024-07-03 09:40:00,2
1104,2024-07-03 10:40:00,14
1105,2024-07-03 11:40:00,9
1106,2024-07-03 12:40:00,7
1107,2024-07-03 13:40:00,11
1108,2024-07-03 14:40:00,11
1109,2024-07-03 15:40:00,11
1110,2024-07-03 16:40:00,21
1111,2024-07-03 17:40:00,7
1112,2024-07-03 18:40:00,11
1113,2024-07-03 19:40:00,9
1114,2024-07-03 20:40:00,16
1115,2024-07-03 21:40:00,2
1116,2024-07-03 22:40:00,7
1117,2024-07-03 23:40:00,11
1118,2024-07-04 00:40:00,9
1119,2024-07-04 01:40:00,2
1120,2024-07-04 02:40:00,7
1121,2024-07-04 03:40:00,11
1122,2024-07-04 04:40:00,7
1123,2024-07-04 05:40:00,5
1124,2024-07-04 06:40:00,9
1125,2024-07-04 07:40:00,11
1126,2024-07-04 08:40:00,2
1127,2024-07-04 09:40:00,18
1128,2024-07-04 10:40:00,19
1129,2024-07-04 11:40:00,11
1130,2024-07-04 12:40:00,5
1131,2024-07-04 13:40:00,25
1132,2024-07-04 14:40:00,18
1133,2024-07-04 15:40:00,18
1134,2024-07-04 16:40:00,9
1135,2024-07-04 17:40:00,11
1136,2024-07-04 18:40:00,11
1137,2024-07-04 19:40:00,5
1138,2024-07-04 20:40:00,2
1139,2024-07-04 21:40:00,7
1140,2024-07-04 22:40:00,7
1141,2024-07-04 23:40:00,18
1142,2024-07-05 00:40:00,11
1143,2024-07-05 01:40:00,11
1144,2024-07-05 02:40:00,11
1145,2024-07-05 03:40:00,18
1146,2024-07-05 04:40:00,19
1147,2024-07-05 05:40:00,11
1148,2024-07-05 06:40:00,14
1149,2024-07-05 07:40:00,19
1150,2024-07-05 08:40:00,37
1151,2024-07-05 20:40:00,5
1152,2024-07-05 21:40:00,18
1153,2024-07-05 22:40:00,16
1154,2024-07-05 23:40:00,14
1155,2024-07-06 00:40:00,9
1156,2024-07-06 01:40:00,9
1157,2024-07-06 02:40:00,16
1158,2024-07-06 03:40:00,18
1159,2024-07-06 04:40:00,11
1160,2024-07-06 05:40:00,19
1161,2024-07-06 06:40:00,16
1162,2024-07-06 07:40:00,16
1163,2024-07-06 08:40:00,33
1164,2024-07-06 09:40:00,26
1165,2024-07-06 10:40:00,18
1166,2024-07-06 11:40:00,9
1167,2024-07-06 12:40:00,23
1168,2024-07-06 13:40:00,11
1169,2024-07-06 14:40:00,16
1170,2024-07-06 15:40:00,25
1171,2024-07-06 16:40:00,16
1172,2024-07-06 17:40:00,19
1173,2024-07-06 18:40:00,7
1174,2024-07-06 19:40:00,11
1175,2024-07-06 20:40:00,14
1176,2024-07-06 21:40:00,5
1177,2024-07-06 22:40:00,11
1178,2024-07-06 23:40:00,11
1179,2024-07-07 00:40:00,7
1180,2024-07-07 01:40:00,16
1181,2024-07-07 02:40:00,19
1182,2024-07-07 03:40:00,21
1183,2024-07-07 04:40:00,11
1184,2024-07-07 05:40:00,30
1185,2024-07-07 06:40:00,19
1186,2024-07-07 07:40:00,26
1187,2024-07-07 08:40:00,30
1188,2024-07-07 09:40:00,64
1189,2024-07-07 23:40:00,119
1190,2024-07-08 00:40:00,47
1191,2024-07-08 01:40:00,26
1192,2024-07-08 02:40:00,19
1193,2024-07-08 03:40:00,18
1194,2024-07-08 04:40:00,16
1195,2024-07-08 05:40:00,11
1196,2024-07-08 06:40:00,19
1197,2024-07-08 07:40:00,28
1198,2024-07-08 08:40:00,32
1199,2024-07-08 09:40:00,33
1200,2024-07-08 10:40:00,35
1201,2024-07-08 11:40:00,16
1202,2024-07-08 12:40:00,11
1203,2024-07-08 13:40:00,21
1204,2024-07-08 14:40:00,14
1205,2024-07-08 15:40:00,11
1206,2024-07-08 16:40:00,5
1207,2024-07-08 17:40:00,2
1208,2024-07-08 18:40:00,2
1209,2024-07-08 19:40:00,5
1210,2024-07-08 20:40:00,16
1211,2024-07-08 21:40:00,16
1212,2024-07-08 22:40:00,9
1213,2024-07-08 23:40:00,14
1214,2024-07-09 00:40:00,25
1215,2024-07-09 01:40:00,14
1216,2024-07-09 02:40:00,26
1217,2024-07-09 03:40:00,26
1218,2024-07-09 04:40:00,25
1219,2024-07-09 05:40:00,16
1220,2024-07-09 06:40:00,25
1221,2024-07-09 07:40:00,33
1222,2024-07-09 08:40:00,21
1223,2024-07-09 09:40:00,35
1224,2024-07-09 10:40:00,39
1225,2024-07-09 11:40:00,35
1226,2024-07-09 12:40:00,16
1227,2024-07-09 13:40:00,18
1228,2024-07-09 14:40:00,28
1229,2024-07-09 15:40:00,28
1230,2024-07-09 16:40:00,25
1231,2024-07-09 17:40:00,33
1232,2024-07-09 18:40:00,16
1233,2024-07-09 19:40:00,16
1234,2024-07-09 20:40:00,28
1235,2024-07-09 21:40:00,5
1236,2024-07-09 22:40:00,19
1237,2024-07-09 23:40:00,28
1238,2024-07-10 00:40:00,25
1239,2024-07-10 01:40:00,23
1240,2024-07-10 02:40:00,30
1241,2024-07-10 03:40:00,26
1242,2024-07-10 04:40:00,14
1243,2024-07-10 05:40:00,23
1244,2024-07-10 06:40:00,23
1245,2024-07-10 07:40:00,21
1246,2024-07-10 08:40:00,21
1247,2024-07-10 09:40:00,19
1248,2024-07-10 19:40:00,9
1249,2024-07-10 20:40:00,14
1250,2024-07-10 21:40:00,2
1251,2024-07-10 22:40:00,5
1252,2024-07-10 23:40:00,18
1253,2024-07-11 00:40:00,14
1254,2024-07-11 01:40:00,26
1255,2024-07-11 02:40:00,11
1256,2024-07-11 04:40:00,7
1257,2024-07-11 05:40:00,23
1258,2024-07-11 06:40:00,19
1259,2024-07-11 07:40:00,21
1260,2024-07-11 08:40:00,21
1261,2024-07-11 18:40:00,7
1262,2024-07-11 19:40:00,5
1263,2024-07-11 20:40:00,7
1264,2024-07-11 21:40:00,11
1265,2024-07-11 22:40:00,5
1266,2024-07-11 23:40:00,9
1267,2024-07-12 00:40:00,11
1268,2024-07-12 01:40:00,11
1269,2024-07-12 02:40:00,11
1270,2024-07-12 03:40:00,18
1271,2024-07-12 04:40:00,23
1272,2024-07-12 05:40:00,39
1273,2024-07-12 06:40:00,5
1274,2024-07-12 07:40:00,11
1275,2024-07-12 08:40:00,5
1276,2024-07-12 12:40:00,19
1277,2024-07-12 13:40:00,7
1278,2024-07-12 14:40:00,2
1279,2024-07-12 15:40:00,9
1280,2024-07-12 16:40:00,9
1281,2024-07-12 17:40:00,7
1282,2024-07-12 18:40:00,11
1283,2024-07-12 19:40:00,5
1284,2024-07-12 20:40:00,16
1285,2024-07-12 21:40:00,7
1286,2024-07-12 22:40:00,7
1287,2024-07-12 23:40:00,16
1288,2024-07-13 00:40:00,9
1289,2024-07-13 01:40:00,16
1290,2024-07-13 02:40:00,11
1291,2024-07-13 03:40:00,19
1292,2024-07-13 04:40:00,14
1293,2024-07-13 05:40:00,14
1294,2024-07-13 06:40:00,9
1295,2024-07-13 07:40:00,11
1296,2024-07-13 08:40:00,26
1297,2024-07-13 09:40:00,30
1298,2024-07-13 10:40:00,28
1299,2024-07-13 11:40:00,11
1300,2024-07-13 12:40:00,11
1301,2024-07-13 13:40:00,2
1302,2024-07-13 14:40:00,2
1303,2024-07-13 15:40:00,5
1304,2024-07-13 16:40:00,9
1305,2024-07-13 17:40:00,2
1306,2024-07-13 18:40:00,2
1307,2024-07-13 19:40:00,7
1308,2024-07-13 20:40:00,23
1309,2024-07-13 21:40:00,18
1310,2024-07-13 22:40:00,14
1311,2024-07-13 23:40:00,9
1312,2024-07-14 00:40:00,7
1313,2024-07-14 01:40:00,16
1314,2024-07-14 02:40:00,18
1315,2024-07-14 03:40:00,18
1316,2024-07-14 04:40:00,9
1317,2024-07-14 05:40:00,7
1318,2024-07-14 06:40:00,18
1319,2024-07-14 08:40:00,23
1320,2024-07-14 09:40:00,28
1321,2024-07-14 10:40:00,33
1322,2024-07-14 11:40:00,23
1323,2024-07-14 12:40:00,16
1324,2024-07-14 13:40:00,11
1325,2024-07-14 14:40:00,19
1326,2024-07-14 15:40:00,9
1327,2024-07-14 16:40:00,11
1328,2024-07-14 17:40:00,11
1329,2024-07-14 18:40:00,11
1330,2024-07-14 19:40:00,19
1331,2024-07-14 20:40:00,11
1332,2024-07-14 21:40:00,14
1333,2024-07-14 22:40:00,19
1334,2024-07-14 23:40:00,16
1335,2024-07-15 00:40:00,14
1336,2024-07-15 01:40:00,14
1337,2024-07-15 02:40:00,23
1338,2024-07-15 03:40:00,25
1339,2024-07-15 04:40:00,19
1340,2024-07-15 05:40:00,16
1341,2024-07-15 06:40:00,18
1342,2024-07-15 07:40:00,46
1343,2024-07-15 08:40:00,23
1344,2024-07-15 09:40:00,33
1345,2024-07-15 10:40:00,30
1346,2024-07-15 11:40:00,25
1347,2024-07-15 12:40:00,11
1348,2024-07-15 13:40:00,9
1349,2024-07-15 14:40:00,18
1350,2024-07-15 15:40:00,19
1351,2024-07-15 16:40:00,21
1352,2024-07-15 17:40:00,18
1353,2024-07-15 18:40:00,11
1354,2024-07-15 19:40:00,5
1355,2024-07-15 20:40:00,21
1356,2024-07-15 21:40:00,11
1357,2024-07-15 22:40:00,25
1358,2024-07-15 23:40:00,11
1359,2024-07-16 00:40:00,16
1360,2024-07-16 01:40:00,14
1361,2024-07-16 02:40:00,21
1362,2024-07-16 03:40:00,26
1363,2024-07-16 04:40:00,21
1364,2024-07-16 05:40:00,14
1365,2024-07-16 06:40:00,32
1366,2024-07-16 07:40:00,16
1367,2024-07-16 08:40:00,37
1368,2024-07-16 09:40:00,21
1369,2024-07-16 10:40:00,26
1370,2024-07-16 11:40:00,23
1371,2024-07-16 12:40:00,2
1372,2024-07-16 13:40:00,11
1373,2024-07-16 14:40:00,14
1374,2024-07-16 15:40:00,21
1375,2024-07-16 16:40:00,16
1376,2024-07-16 17:40:00,5
1377,2024-07-16 18:40:00,11
1378,2024-07-16 19:40:00,16
1379,2024-07-16 20:40:00,14
1380,2024-07-16 21:40:00,7
1381,2024-07-16 22:40:00,11
1382,2024-07-16 23:40:00,14
1383,2024-07-17 00:40:00,11
1384,2024-07-17 01:40:00,11
1385,2024-07-17 02:40:00,19
1386,2024-07-17 03:40:00,19
1387,2024-07-17 04:40:00,7
1388,2024-07-17 05:40:00,16
1389,2024-07-17 06:40:00,16
1390,2024-07-17 07:40:00,21
1391,2024-07-17 08:40:00,19
1392,2024-07-17 09:40:00,25
1393,2024-07-17 10:40:00,16
1394,2024-07-17 11:40:00,30
1395,2024-07-17 12:40:00,16
1396,2024-07-17 13:40:00,14
1397,2024-07-17 14:40:00,7
1398,2024-07-17 15:40:00,21
1399,2024-07-17 16:40:00,7
1400,2024-07-17 17:40:00,14
1401,2024-07-17 18:40:00,5
1402,2024-07-17 19:40:00,14
1403,2024-07-17 20:40:00,5
1404,2024-07-17 21:40:00,9
1405,2024-07-17 22:40:00,7
1406,2024-07-17 23:40:00,18
1407,2024-07-18 00:40:00,7
1408,2024-07-18 01:40:00,5
1409,2024-07-18 02:40:00,7
1410,2024-07-18 03:40:00,14
1411,2024-07-18 04:40:00,11
1412,2024-07-18 05:40:00,14
1413,2024-07-18 06:40:00,23
1414,2024-07-18 07:40:00,26
1415,2024-07-18 08:40:00,19
1416,2024-07-18 09:40:00,26
1417,2024-07-18 10:40:00,19
1418,2024-07-18 11:40:00,30
1419,2024-07-18 12:40:00,18
1420,2024-07-18 13:40:00,7
1421,2024-07-18 14:40:00,2
1422,2024-07-18 15:40:00,5
1423,2024-07-18 16:40:00,11
1424,2024-07-18 17:40:00,16
1425,2024-07-18 18:40:00,7
1426,2024-07-18 19:40:00,11
1427,2024-07-18 20:40:00,11
1428,2024-07-18 21:40:00,11
1429,2024-07-18 22:40:00,25
1430,2024-07-18 23:40:00,16
1431,2024-07-19 00:40:00,16
1432,2024-07-19 01:40:00,11
1433,2024-07-19 02:40:00,16
1434,2024-07-19 03:40:00,37
1435,2024-07-19 05:40:00,9
1436,2024-07-19 06:40:00,26
1437,2024-07-19 07:40:00,11
1438,2024-07-19 08:40:00,28
1439,2024-07-19 09:40:00,16
1440,2024-07-19 10:40:00,16
1441,2024-07-19 11:40:00,7
1442,2024-07-19 12:40:00,11
1443,2024-07-19 13:40:00,9
1444,2024-07-19 14:40:00,14
1445,2024-07-19 15:40:00,7
1446,2024-07-19 16:40:00,9
1447,2024-07-19 17:40:00,0
1448,2024-07-19 18:40:00,5
1449,2024-07-19 19:40:00,14
1450,2024-07-19 20:40:00,11
1451,2024-07-19 21:40:00,18
1452,2024-07-19 22:40:00,16
1453,2024-07-19 23:40:00,7
1454,2024-07-20 00:40:00,11
1455,2024-07-20 01:40:00,11
1456,2024-07-20 02:40:00,14
1457,2024-07-20 03:40:00,16
1458,2024-07-20 04:40:00,7
1459,2024-07-20 05:40:00,21
1460,2024-07-20 06:40:00,16
1461,2024-07-20 07:40:00,9
1462,2024-07-20 08:40:00,2
1463,2024-07-20 09:40:00,0
1464,2024-07-20 10:40:00,11
1465,2024-07-20 11:40:00,11
1466,2024-07-20 12:40:00,0
1467,2024-07-20 13:40:00,7
1468,2024-07-20 14:40:00,2
1469,2024-07-20 15:40:00,2
1470,2024-07-20 16:40:00,0
1471,2024-07-20 17:40:00,2
1472,2024-07-20 18:40:00,2
1473,2024-07-20 19:40:00,2
1474,2024-07-20 20:40:00,9
1475,2024-07-20 21:40:00,11
1476,2024-07-20 22:40:00,11
1477,2024-07-20 23:40:00,7
1478,2024-07-21 00:40:00,11
1479,2024-07-21 01:40:00,0
1480,2024-07-21 02:40:00,14
1481,2024-07-21 03:40:00,11
1482,2024-07-21 04:40:00,2
1483,2024-07-21 05:40:00,21
1484,2024-07-21 06:40:00,19
1485,2024-07-21 07:40:00,30
1486,2024-07-21 08:40:00,23
1487,2024-07-21 09:40:00,16
1488,2024-07-21 10:40:00,14
1489,2024-07-21 11:40:00,14
1490,2024-07-21 12:40:00,2
1491,2024-07-21 13:40:00,11
1492,2024-07-21 14:40:00,9
1493,2024-07-21 15:40:00,7
1494,2024-07-21 16:40:00,7
1495,2024-07-21 17:40:00,5
1496,2024-07-21 18:40:00,5
1497,2024-07-21 19:40:00,5
1498,2024-07-21 20:40:00,5
1499,2024-07-21 21:40:00,2
1500,2024-07-21 22:40:00,14
1501,2024-07-21 23:40:00,11
1502,2024-07-22 00:40:00,7
1503,2024-07-22 01:40:00,11
1504,2024-07-22 02:40:00,11
1505,2024-07-22 03:40:00,11
1506,2024-07-22 04:40:00,14
1507,2024-07-22 05:40:00,16
1508,2024-07-22 06:40:00,11
1509,2024-07-22 07:40:00,16
1510,2024-07-22 08:40:00,11
1511,2024-07-22 09:40:00,19
1512,2024-07-22 10:40:00,11
1513,2024-07-22 11:40:00,18
1514,2024-07-22 12:40:00,16
1515,2024-07-22 13:40:00,25
1516,2024-07-22 14:40:00,7
1517,2024-07-22 15:40:00,11
1518,2024-07-22 16:40:00,18
1519,2024-07-22 17:40:00,11
1520,2024-07-22 18:40:00,18
1521,2024-07-22 19:40:00,9
1522,2024-07-22 20:40:00,19
1523,2024-07-22 21:40:00,14
1524,2024-07-22 22:40:00,14
1525,2024-07-22 23:40:00,11
1526,2024-07-23 00:40:00,16
1527,2024-07-23 01:40:00,14
1528,2024-07-23 02:40:00,11
1529,2024-07-23 03:40:00,9
1530,2024-07-23 04:40:00,7
1531,2024-07-23 05:40:00,0
1532,2024-07-23 06:40:00,16
1533,2024-07-23 07:40:00,5
1534,2024-07-23 08:40:00,5
1535,2024-07-23 09:40:00,9
1536,2024-07-23 10:40:00,16
1537,2024-07-23 11:40:00,0
1538,2024-07-23 12:40:00,11
1539,2024-07-23 13:40:00,5
1540,2024-07-23 14:40:00,11
1541,2024-07-23 15:40:00,14
1542,2024-07-23 16:40:00,23
1543,2024-07-23 17:40:00,7
1544,2024-07-23 18:40:00,14
1545,2024-07-23 19:40:00,0
1546,2024-07-23 20:40:00,11
1547,2024-07-23 21:40:00,11
1548,2024-07-23 22:40:00,7
1549,2024-07-23 23:40:00,9
1550,2024-07-24 00:40:00,11
1551,2024-07-24 01:40:00,16
1552,2024-07-24 02:40:00,19
1553,2024-07-24 03:40:00,16
1554,2024-07-24 04:40:00,23
1555,2024-07-24 05:40:00,16
1556,2024-07-24 06:40:00,23
1557,2024-07-24 07:40:00,16
1558,2024-07-24 08:40:00,19
1559,2024-07-24 09:40:00,18
1560,2024-07-24 10:40:00,11
1561,2024-07-24 11:40:00,2
1562,2024-07-24 12:40:00,9
1563,2024-07-24 13:40:00,5
1564,2024-07-24 14:40:00,9
1565,2024-07-24 15:40:00,11
1566,2024-07-24 16:40:00,9
1567,2024-07-24 17:40:00,23
1568,2024-07-24 18:40:00,11
1569,2024-07-24 20:40:00,9
1570,2024-07-24 21:40:00,16
1571,2024-07-24 22:40:00,9
1572,2024-07-24 23:40:00,11
1573,2024-07-25 00:40:00,9
1574,2024-07-25 01:40:00,14
1575,2024-07-25 02:40:00,2
1576,2024-07-25 03:40:00,16
1577,2024-07-25 04:40:00,21
1578,2024-07-25 05:40:00,18
1579,2024-07-25 06:40:00,5
1580,2024-07-25 07:40:00,33
1581,2024-07-25 08:40:00,33
1582,2024-07-25 09:40:00,16
1583,2024-07-25 10:40:00,11
